Quantum,50th,99th
20,20.89204716682434,247.99198966100812
