Quantum,50th,99th
1,8.037970511242747,65.4299669507891
5,8.032312780618668,64.50418872572482
