Quantum,MeanDelay,MeanSlowdown,50th,99th,50th_sldn,99th_sldn
0.1,7.634905058870955,2.9820701618512264,0.29133833944797516,43.3519452419132,1.1996458246619326,45.34894115256301
1,8.089220022640912,19.66162350378125,0.7509310531895608,42.88625763822347,2.518762956894739,432.38245667895507
10,11.7842471055629,168.95285146340694,4.372494617477059,46.8384660705924,13.207644536288186,4092.326884214003
100,40.45717847481348,1327.1488302570367,22.932080840691924,119.71876780316234,70.22787257602133,36027.16626079083
1000,194.83877605803525,7579.989460742828,55.88796891714446,998.4231414059177,181.28011302734984,227632.32176439872
10000,631.3541192029447,25382.92274571724,49.39379452634603,7975.336649974808,172.5165659987877,515440.7900166439
100000,709.7973801997398,28495.559767983123,52.16894619166851,9420.862330282107,184.60738272412033,560904.2652769119
