Quantum,50th,99th
20,23.673264598473907,119.112788900733
