Quantum,MeanDelay,MeanSlowdown,50th,99th,50th_sldn,99th_sldn
0.1,620944.1760433207,4.8301216832012805,440843.0471737385,2.2540479749091864e+06,3.5226430291690827,17.81922595992088
1,554437.3139409211,4.325677558580118,407893.8684203625,2.001962706446983e+06,3.262161452890396,15.776990472257614
10,581813.0716007318,4.584563296534533,442203.4406282902,1.9597952993445843e+06,3.53586082464695,15.558420574928284
100,636127.8912370387,4.980379673906465,450112.8359811306,2.8402275142196417e+06,3.6000683687286377,22.434546685896397
1000,596028.7651102348,4.650057602975303,457414.51030015945,2.6109405056495667e+06,3.6569845318927765,20.028901466742514
10000,723758.9876936887,5.6151584095637945,504883.91899335384,3.411009675153494e+06,4.036260948472023,26.864024372745515
100000,560806.1851314498,4.387164190645312,402492.1388309002,2.170147802810192e+06,3.218639231031418,16.91405006817627
