Quantum,50th,99th
20,22.815674643963575,113.46689859591424
